{
  "timestamp": "2026-06-10T07:55:48.722182+00:00",
  "user": "tenhou",
  "model": "TQC_v1",
  "env": "BipedalWalker-v3",
  "episodes": 10,
  "mean_reward": 226.4158935546875,
  "max_reward": 305.9114685058594,
  "min_reward": 4.066520690917969,
  "std_reward": 122.10139465332031,
  "completion_rate": 0.7,
  "mean_episode_length": 841.7,
  "mean_distance": 0.0,
  "mean_runtime_sec": 0.5111690521240234
}