{
  "timestamp": "2026-06-10T06:42:43.987745+00:00",
  "user": "tenhou",
  "model": "SAC_v1",
  "env": "BipedalWalker-v3",
  "episodes": 10,
  "mean_reward": -110.48835754394531,
  "max_reward": -110.33552551269531,
  "min_reward": -110.61138153076172,
  "std_reward": 0.0918312668800354,
  "completion_rate": 0.0,
  "mean_episode_length": 63.2,
  "mean_distance": 0.0,
  "mean_runtime_sec": 0.03271718025207519
}